Biểu mẫu đăng ký thi Kyu/Dan và tham dự 1st Vietnam International Kendo Championships 2026,,,,,,,,,,,,,,,,,,,,,,,,,,,,,,,,,,,,,,,,,,,,,,,
Người đại diện đăng ký:,,,,,,,,,Số điện thoại:,,,,,,,,,,,,,,,,,,,,,,,,,,,,,,,,,,,Tổng,0,,
Ngày đăng ký:,,,,,,,,,Email:,,,,,,,,,,,,,,,,,,,,,,,,,,,,,,,,,,,,,,
Đơn đăng ký và hồ sơ thi lên đẳng (Dan) phải được gửi đến các địa chỉ email sau: vikc@vietnamkendo.com và info@kendo.vn,,,,,,,,,,,,,,,,,,,,,,,,,,,,,,,,,,,,,,,,,,,,,,,
STT,Họ và tên,"Giới tính
(Nam/Nữ)",Ngày tháng năm sinh,,,Số CCCD,Số điện thoại,Email,Thông tin liên hệ trong trường hợp khẩn cấp,Thành viên VKF,,Trình độ (Kyu/Dan) hiện tại ,,,,Đăng ký thi Kyu/Dan,,Nội dung đăng ký thi đấu,,,,"Đăng ký làm trọng tài
(trên 5 Dan)",,"Đăng ký khách sạn (đêm)
(Mỗi người một loại phòng thống nhất; Đêm T7 là bắt buộc với VĐV)",,,,,,"Ở cùng ai (trường hợp phòng đôi, ba)",Tham dự Tiệc chào mừng,"Đăng ký ăn
(note: ngày ăn trưa đã có trong phí thi đấu cũng cần chọn vào đây)",,,,,,,"Vai trò 
( VĐV, Khác)","Chi phí thi
(nghìn VNĐ)","Phí thi đấu theo gói
(nghìn VNĐ)","Chi phí ở
(nghìn VNĐ)","Chi phí ăn
(nghìn VNĐ)",,"Tổng theo công thức
(nghìn VNĐ)",,
,,,Ngày,Tháng,Năm,,,,,Thành viên VKF,Mã số Thành viên VKF,Trình độ (Kyu/Dan) hiện tại ,Ngày cấp bằng hiện có,Nơi/đơn vị cấp bằng hiện có,"Link ảnh bằng 
(Ảnh ghi rõ họ tên) ",1 Kyu,Dan,Nội dung,Đăng ký,"Tên đội
(không đặt tên phản cảm)",Vị trí trận đầu tiên,"21/11
(T7)","22/11
(CN)","18/11
(T4)","19/11
(T5)","20/11
(T6)","21/11
(T7)","22/11
(CN)","23/11
(T2)",,,Loại,"18/11
(T4)","19/11
(T5)","20/11
(T6)","21/11
(T7)","22/11
(CN)","23/11
(T2)",,,,,Hàng ngày,WP,,,
Ví dụ,Nguyễn Văn A,Nam,1.0,1.0,1990.0,12345678901,0912345678,aaaa@gmail.com,,Có,123456789,2 kyu,01/01/2026,CLB ABC,,1 Kyu,1 Dan,Đội nam 3 người,X,Đội A,Sempo,X,,Phòng đôi,Phòng đôi,Phòng đôi,Phòng đôi,Phòng đôi,Phòng đôi,,Có,Ăn trưa,X,X,X,X,X,X,VĐV,2500,1850,1750,1360,0,7460,,
,,,,,,,,,,,,,,,,,,Đội nam 5 người,X,Đội 5 A,Chuken,,,,,,,,,,,Ăn tối,X,X,X,WP,X,X,,,,,,,,,
1,,,,,,,,,,,,,,,,,,,,,,,,,,,,,,,,Ăn trưa,,,,,,,Khác,0,0,0,0,0,0,,
,,,,,,,,,,,,,,,,,,,,,,,,,,,,,,,,Ăn tối,,,,WP,,,,,,,,,,,
2,,,,,,,,,,,,,,,,,,,,,,,,,,,,,,,,Ăn trưa,,,,,,,Khác,0,0,0,0,0,0,,
,,,,,,,,,,,,,,,,,,,,,,,,,,,,,,,,Ăn tối,,,,WP,,,,,,,,,,,
3,,,,,,,,,,,,,,,,,,,,,,,,,,,,,,,,Ăn trưa,,,,,,,Khác,0,0,0,0,0,0,,
,,,,,,,,,,,,,,,,,,,,,,,,,,,,,,,,Ăn tối,,,,WP,,,,,,,,,,,
4,,,,,,,,,,,,,,,,,,,,,,,,,,,,,,,,Ăn trưa,,,,,,,Khác,0,0,0,0,0,0,,
,,,,,,,,,,,,,,,,,,,,,,,,,,,,,,,,Ăn tối,,,,WP,,,,,,,,,,,
5,,,,,,,,,,,,,,,,,,,,,,,,,,,,,,,,Ăn trưa,,,,,,,Khác,0,0,0,0,0,0,,
,,,,,,,,,,,,,,,,,,,,,,,,,,,,,,,,Ăn tối,,,,WP,,,,,,,,,,,
6,,,,,,,,,,,,,,,,,,,,,,,,,,,,,,,,Ăn trưa,,,,,,,Khác,0,0,0,0,0,0,,
,,,,,,,,,,,,,,,,,,,,,,,,,,,,,,,,Ăn tối,,,,WP,,,,,,,,,,,
7,,,,,,,,,,,,,,,,,,,,,,,,,,,,,,,,Ăn trưa,,,,,,,Khác,0,0,0,0,0,0,,
,,,,,,,,,,,,,,,,,,,,,,,,,,,,,,,,Ăn tối,,,,WP,,,,,,,,,,,
8,,,,,,,,,,,,,,,,,,,,,,,,,,,,,,,,Ăn trưa,,,,,,,Khác,0,0,0,0,0,0,,
,,,,,,,,,,,,,,,,,,,,,,,,,,,,,,,,Ăn tối,,,,WP,,,,,,,,,,,
9,,,,,,,,,,,,,,,,,,,,,,,,,,,,,,,,Ăn trưa,,,,,,,Khác,0,0,0,0,0,0,,
,,,,,,,,,,,,,,,,,,,,,,,,,,,,,,,,Ăn tối,,,,WP,,,,,,,,,,,
10,,,,,,,,,,,,,,,,,,,,,,,,,,,,,,,,Ăn trưa,,,,,,,Khác,0,0,0,0,0,0,,
,,,,,,,,,,,,,,,,,,,,,,,,,,,,,,,,Ăn tối,,,,WP,,,,,,,,,,,
11,,,,,,,,,,,,,,,,,,,,,,,,,,,,,,,,Ăn trưa,,,,,,,Khác,0,0,0,0,0,0,,
,,,,,,,,,,,,,,,,,,,,,,,,,,,,,,,,Ăn tối,,,,WP,,,,,,,,,,,
12,,,,,,,,,,,,,,,,,,,,,,,,,,,,,,,,Ăn trưa,,,,,,,Khác,0,0,0,0,0,0,,
,,,,,,,,,,,,,,,,,,,,,,,,,,,,,,,,Ăn tối,,,,WP,,,,,,,,,,,
13,,,,,,,,,,,,,,,,,,,,,,,,,,,,,,,,Ăn trưa,,,,,,,Khác,0,0,0,0,0,0,,
,,,,,,,,,,,,,,,,,,,,,,,,,,,,,,,,Ăn tối,,,,WP,,,,,,,,,,,
14,,,,,,,,,,,,,,,,,,,,,,,,,,,,,,,,Ăn trưa,,,,,,,Khác,0,0,0,0,0,0,,
,,,,,,,,,,,,,,,,,,,,,,,,,,,,,,,,Ăn tối,,,,WP,,,,,,,,,,,
15,,,,,,,,,,,,,,,,,,,,,,,,,,,,,,,,Ăn trưa,,,,,,,Khác,0,0,0,0,0,0,,
,,,,,,,,,,,,,,,,,,,,,,,,,,,,,,,,Ăn tối,,,,WP,,,,,,,,,,,
16,,,,,,,,,,,,,,,,,,,,,,,,,,,,,,,,Ăn trưa,,,,,,,Khác,0,0,0,0,0,0,,
,,,,,,,,,,,,,,,,,,,,,,,,,,,,,,,,Ăn tối,,,,WP,,,,,,,,,,,
17,,,,,,,,,,,,,,,,,,,,,,,,,,,,,,,,Ăn trưa,,,,,,,Khác,0,0,0,0,0,0,,
,,,,,,,,,,,,,,,,,,,,,,,,,,,,,,,,Ăn tối,,,,WP,,,,,,,,,,,
18,,,,,,,,,,,,,,,,,,,,,,,,,,,,,,,,Ăn trưa,,,,,,,Khác,0,0,0,0,0,0,,
,,,,,,,,,,,,,,,,,,,,,,,,,,,,,,,,Ăn tối,,,,WP,,,,,,,,,,,
19,,,,,,,,,,,,,,,,,,,,,,,,,,,,,,,,Ăn trưa,,,,,,,Khác,0,0,0,0,0,0,,
,,,,,,,,,,,,,,,,,,,,,,,,,,,,,,,,Ăn tối,,,,WP,,,,,,,,,,,
20,,,,,,,,,,,,,,,,,,,,,,,,,,,,,,,,Ăn trưa,,,,,,,Khác,0,0,0,0,0,0,,
,,,,,,,,,,,,,,,,,,,,,,,,,,,,,,,,Ăn tối,,,,WP,,,,,,,,,,,
21,,,,,,,,,,,,,,,,,,,,,,,,,,,,,,,,Ăn trưa,,,,,,,Khác,0,0,0,0,0,0,,
,,,,,,,,,,,,,,,,,,,,,,,,,,,,,,,,Ăn tối,,,,WP,,,,,,,,,,,
22,,,,,,,,,,,,,,,,,,,,,,,,,,,,,,,,Ăn trưa,,,,,,,Khác,0,0,0,0,0,0,,
,,,,,,,,,,,,,,,,,,,,,,,,,,,,,,,,Ăn tối,,,,WP,,,,,,,,,,,
23,,,,,,,,,,,,,,,,,,,,,,,,,,,,,,,,Ăn trưa,,,,,,,Khác,0,0,0,0,0,0,,
,,,,,,,,,,,,,,,,,,,,,,,,,,,,,,,,Ăn tối,,,,WP,,,,,,,,,,,
24,,,,,,,,,,,,,,,,,,,,,,,,,,,,,,,,Ăn trưa,,,,,,,Khác,0,0,0,0,0,0,,
,,,,,,,,,,,,,,,,,,,,,,,,,,,,,,,,Ăn tối,,,,WP,,,,,,,,,,,
25,,,,,,,,,,,,,,,,,,,,,,,,,,,,,,,,Ăn trưa,,,,,,,Khác,0,0,0,0,0,0,,
,,,,,,,,,,,,,,,,,,,,,,,,,,,,,,,,Ăn tối,,,,WP,,,,,,,,,,,
26,,,,,,,,,,,,,,,,,,,,,,,,,,,,,,,,Ăn trưa,,,,,,,Khác,0,0,0,0,0,0,,
,,,,,,,,,,,,,,,,,,,,,,,,,,,,,,,,Ăn tối,,,,WP,,,,,,,,,,,
27,,,,,,,,,,,,,,,,,,,,,,,,,,,,,,,,Ăn trưa,,,,,,,Khác,0,0,0,0,0,0,,
,,,,,,,,,,,,,,,,,,,,,,,,,,,,,,,,Ăn tối,,,,WP,,,,,,,,,,,
28,,,,,,,,,,,,,,,,,,,,,,,,,,,,,,,,Ăn trưa,,,,,,,Khác,0,0,0,0,0,0,,
,,,,,,,,,,,,,,,,,,,,,,,,,,,,,,,,Ăn tối,,,,WP,,,,,,,,,,,
29,,,,,,,,,,,,,,,,,,,,,,,,,,,,,,,,Ăn trưa,,,,,,,Khác,0,0,0,0,0,0,,
,,,,,,,,,,,,,,,,,,,,,,,,,,,,,,,,Ăn tối,,,,WP,,,,,,,,,,,
30,,,,,,,,,,,,,,,,,,,,,,,,,,,,,,,,Ăn trưa,,,,,,,Khác,0,0,0,0,0,0,,
,,,,,,,,,,,,,,,,,,,,,,,,,,,,,,,,Ăn tối,,,,WP,,,,,,,,,,,
31,,,,,,,,,,,,,,,,,,,,,,,,,,,,,,,,Ăn trưa,,,,,,,Khác,0,0,0,0,0,0,,
,,,,,,,,,,,,,,,,,,,,,,,,,,,,,,,,Ăn tối,,,,WP,,,,,,,,,,,
32,,,,,,,,,,,,,,,,,,,,,,,,,,,,,,,,Ăn trưa,,,,,,,Khác,0,0,0,0,0,0,,
,,,,,,,,,,,,,,,,,,,,,,,,,,,,,,,,Ăn tối,,,,WP,,,,,,,,,,,
33,,,,,,,,,,,,,,,,,,,,,,,,,,,,,,,,Ăn trưa,,,,,,,Khác,0,0,0,0,0,0,,
,,,,,,,,,,,,,,,,,,,,,,,,,,,,,,,,Ăn tối,,,,WP,,,,,,,,,,,
34,,,,,,,,,,,,,,,,,,,,,,,,,,,,,,,,Ăn trưa,,,,,,,Khác,0,0,0,0,0,0,,
,,,,,,,,,,,,,,,,,,,,,,,,,,,,,,,,Ăn tối,,,,WP,,,,,,,,,,,
35,,,,,,,,,,,,,,,,,,,,,,,,,,,,,,,,Ăn trưa,,,,,,,Khác,0,0,0,0,0,0,,
,,,,,,,,,,,,,,,,,,,,,,,,,,,,,,,,Ăn tối,,,,WP,,,,,,,,,,,
36,,,,,,,,,,,,,,,,,,,,,,,,,,,,,,,,Ăn trưa,,,,,,,Khác,0,0,0,0,0,0,,
,,,,,,,,,,,,,,,,,,,,,,,,,,,,,,,,Ăn tối,,,,WP,,,,,,,,,,,
37,,,,,,,,,,,,,,,,,,,,,,,,,,,,,,,,Ăn trưa,,,,,,,Khác,0,0,0,0,0,0,,
,,,,,,,,,,,,,,,,,,,,,,,,,,,,,,,,Ăn tối,,,,WP,,,,,,,,,,,
38,,,,,,,,,,,,,,,,,,,,,,,,,,,,,,,,Ăn trưa,,,,,,,Khác,0,0,0,0,0,0,,
,,,,,,,,,,,,,,,,,,,,,,,,,,,,,,,,Ăn tối,,,,WP,,,,,,,,,,,
39,,,,,,,,,,,,,,,,,,,,,,,,,,,,,,,,Ăn trưa,,,,,,,Khác,0,0,0,0,0,0,,
,,,,,,,,,,,,,,,,,,,,,,,,,,,,,,,,Ăn tối,,,,WP,,,,,,,,,,,
40,,,,,,,,,,,,,,,,,,,,,,,,,,,,,,,,Ăn trưa,,,,,,,Khác,0,0,0,0,0,0,,
,,,,,,,,,,,,,,,,,,,,,,,,,,,,,,,,Ăn tối,,,,WP,,,,,,,,,,,
41,,,,,,,,,,,,,,,,,,,,,,,,,,,,,,,,Ăn trưa,,,,,,,Khác,0,0,0,0,0,0,,
,,,,,,,,,,,,,,,,,,,,,,,,,,,,,,,,Ăn tối,,,,WP,,,,,,,,,,,
42,,,,,,,,,,,,,,,,,,,,,,,,,,,,,,,,Ăn trưa,,,,,,,Khác,0,0,0,0,0,0,,
,,,,,,,,,,,,,,,,,,,,,,,,,,,,,,,,Ăn tối,,,,WP,,,,,,,,,,,
43,,,,,,,,,,,,,,,,,,,,,,,,,,,,,,,,Ăn trưa,,,,,,,Khác,0,0,0,0,0,0,,
,,,,,,,,,,,,,,,,,,,,,,,,,,,,,,,,Ăn tối,,,,WP,,,,,,,,,,,
44,,,,,,,,,,,,,,,,,,,,,,,,,,,,,,,,Ăn trưa,,,,,,,Khác,0,0,0,0,0,0,,
,,,,,,,,,,,,,,,,,,,,,,,,,,,,,,,,Ăn tối,,,,WP,,,,,,,,,,,
45,,,,,,,,,,,,,,,,,,,,,,,,,,,,,,,,Ăn trưa,,,,,,,Khác,0,0,0,0,0,0,,
,,,,,,,,,,,,,,,,,,,,,,,,,,,,,,,,Ăn tối,,,,WP,,,,,,,,,,,
46,,,,,,,,,,,,,,,,,,,,,,,,,,,,,,,,Ăn trưa,,,,,,,Khác,0,0,0,0,0,0,,
,,,,,,,,,,,,,,,,,,,,,,,,,,,,,,,,Ăn tối,,,,WP,,,,,,,,,,,
47,,,,,,,,,,,,,,,,,,,,,,,,,,,,,,,,Ăn trưa,,,,,,,Khác,0,0,0,0,0,0,,
,,,,,,,,,,,,,,,,,,,,,,,,,,,,,,,,Ăn tối,,,,WP,,,,,,,,,,,
48,,,,,,,,,,,,,,,,,,,,,,,,,,,,,,,,Ăn trưa,,,,,,,Khác,0,0,0,0,0,0,,
,,,,,,,,,,,,,,,,,,,,,,,,,,,,,,,,Ăn tối,,,,WP,,,,,,,,,,,
49,,,,,,,,,,,,,,,,,,,,,,,,,,,,,,,,Ăn trưa,,,,,,,Khác,0,0,0,0,0,0,,
,,,,,,,,,,,,,,,,,,,,,,,,,,,,,,,,Ăn tối,,,,WP,,,,,,,,,,,
50,,,,,,,,,,,,,,,,,,,,,,,,,,,,,,,,Ăn trưa,,,,,,,Khác,0,0,0,0,0,0,,
,,,,,,,,,,,,,,,,,,,,,,,,,,,,,,,,Ăn tối,,,,WP,,,,,,,,,,,
